state,year,event_count,fatalities_best,fatalities_low,fatalities_high,state_based_events,non_state_events,one_sided_events
Abia,2000,3,51,51,453,0,1,2
Abia,2011,1,0,0,2,0,0,1
Abia,2016,3,15,15,15,0,1,2
Abia,2017,1,1,1,1,0,1,0
Abia,2019,2,2,2,2,0,0,2
Abia,2020,3,3,3,3,0,0,3
Abia,2021,4,3,3,19,3,0,1
Abia,2022,4,13,12,17,3,0,1
Abia,2023,4,4,4,7,3,0,1
Abia,2024,14,44,39,50,12,1,1
Abia,2025,3,4,4,9,2,1,0
Abuja Federal Capital Territory,2009,1,3,3,3,0,1,0
Abuja Federal Capital Territory,2011,5,71,71,75,2,0,3
Abuja Federal Capital Territory,2012,2,5,4,5,0,0,2
Abuja Federal Capital Territory,2014,4,119,111,145,1,0,3
Abuja Federal Capital Territory,2015,1,20,20,20,1,0,0
Abuja Federal Capital Territory,2018,2,40,40,40,0,0,2
Abuja Federal Capital Territory,2022,2,3,3,4,2,0,0
Abuja Federal Capital Territory,2023,6,7,7,7,0,3,3
Abuja Federal Capital Territory,2025,3,3,1,3,0,1,2
Adamawa,2003,2,110,110,120,0,2,0
Adamawa,2004,2,162,162,162,1,1,0
Adamawa,2008,3,7,7,7,0,3,0
Adamawa,2009,1,0,0,20,1,0,0
Adamawa,2011,3,29,28,57,2,1,0
Adamawa,2012,18,66,58,88,8,2,8
Adamawa,2013,12,48,48,90,6,2,4
Adamawa,2014,72,1575,1575,1700,26,2,44
Adamawa,2015,44,504,487,862,10,3,31
Adamawa,2016,12,153,153,182,3,4,5
Adamawa,2017,34,269,269,283,9,14,11
Adamawa,2018,34,230,200,308,5,21,8
Adamawa,2019,13,66,66,107,4,4,5
Adamawa,2020,12,99,96,125,6,3,3
Adamawa,2021,6,47,23,71,2,3,1
Adamawa,2022,7,70,70,111,1,5,1
Adamawa,2023,5,112,10,112,2,0,3
Adamawa,2024,5,20,20,21,3,2,0
Adamawa,2025,20,101,93,117,6,4,10
Akwa Ibom,1992,1,0,0,80,0,1,0
Akwa Ibom,1995,1,1,1,1,0,0,1
Akwa Ibom,2000,1,45,45,45,0,1,0
Akwa Ibom,2011,9,15,14,24,0,5,4
Akwa Ibom,2012,1,4,4,4,0,1,0
Akwa Ibom,2016,2,8,8,14,0,2,0
Akwa Ibom,2017,6,34,22,96,0,6,0
Akwa Ibom,2019,2,4,4,4,0,2,0
Akwa Ibom,2020,5,8,8,8,0,5,0
Akwa Ibom,2021,7,24,8,25,6,1,0
Akwa Ibom,2022,1,3,3,30,0,1,0
Akwa Ibom,2023,1,1,1,1,0,0,1
Akwa Ibom,2024,1,2,2,2,0,1,0
Akwa Ibom,2025,1,2,2,2,0,1,0
Anambra,1999,2,420,97,420,0,2,0
Anambra,2000,3,32,32,32,0,0,3
Anambra,2001,4,57,57,57,0,0,4
Anambra,2002,5,63,63,63,0,0,5
Anambra,2005,3,7,7,23,0,0,3
Anambra,2006,4,80,80,91,0,4,0
Anambra,2007,1,1,1,1,0,0,1
Anambra,2008,2,7,7,7,0,2,0
Anambra,2011,1,0,0,4,0,0,1
Anambra,2014,1,1,1,1,0,0,1
Anambra,2015,3,13,13,13,0,0,3
Anambra,2016,3,27,27,27,0,0,3
Anambra,2017,2,2,2,2,0,2,0
Anambra,2018,4,19,19,19,0,1,3
Anambra,2019,4,10,7,13,0,3,1
Anambra,2020,1,2,0,2,0,0,1
Anambra,2021,15,26,16,56,10,1,4
Anambra,2022,17,51,45,83,12,0,5
Anambra,2023,17,63,56,64,15,1,1
Anambra,2024,30,70,61,95,17,10,3
Anambra,2025,10,23,8,36,6,2,2
Bauchi,1991,2,150,100,250,0,2,0
Bauchi,2006,2,25,25,25,0,2,0
Bauchi,2007,2,7,7,9,0,2,0
Bauchi,2009,3,64,61,76,2,1,0
Bauchi,2010,5,6,6,12,2,2,1
Bauchi,2011,20,108,91,225,8,11,1
Bauchi,2012,12,44,44,60,4,2,6
Bauchi,2013,3,1,1,7,2,0,1
Bauchi,2014,11,63,58,79,4,0,7
Bauchi,2015,2,0,0,8,2,0,0
Bauchi,2019,1,3,3,3,0,1,0
Bauchi,2020,2,11,11,12,0,1,1
Bauchi,2023,1,1,1,1,0,1,0
Bauchi,2024,2,2,0,2,0,0,2
Bauchi,2025,3,3,3,3,0,3,0
Bayelsa,1997,1,3,3,5,0,0,1
Bayelsa,1998,3,19,19,23,0,0,3
Bayelsa,1999,12,2500,2500,2576,0,0,12
Bayelsa,2000,1,2,2,2,0,1,0
Bayelsa,2002,3,41,41,61,0,2,1
Bayelsa,2003,3,43,43,51,0,3,0
Bayelsa,2004,1,7,7,7,0,0,1
Bayelsa,2008,3,6,6,6,0,2,1
Bayelsa,2009,2,5,5,5,0,2,0
Bayelsa,2011,5,23,23,26,0,3,2
Bayelsa,2012,3,3,3,3,0,1,2
Bayelsa,2016,2,8,8,8,0,2,0
Bayelsa,2019,4,4,2,9,0,3,1
Bayelsa,2020,3,7,7,10,0,2,1
Bayelsa,2022,6,9,9,9,0,6,0
Bayelsa,2023,1,1,1,1,0,1,0
Bayelsa,2024,2,2,2,2,0,1,1
Bayelsa,2025,3,4,3,4,0,3,0
Benue,1998,1,32,32,32,0,1,0
Benue,2001,8,684,684,704,0,2,6
Benue,2003,2,17,17,17,0,1,1
Benue,2004,10,439,439,458,0,10,0
Benue,2005,3,17,17,17,0,2,1
Benue,2008,1,1,1,3,0,1,0
Benue,2010,1,4,4,4,0,1,0
Benue,2011,12,177,168,221,0,11,1
Benue,2012,11,81,81,96,0,11,0
Benue,2013,29,286,286,319,0,29,0
Benue,2014,19,56,56,177,0,19,0
Benue,2015,11,215,164,272,0,11,0
Benue,2016,28,282,282,528,0,28,0
Benue,2017,18,89,80,119,0,18,0
Benue,2018,60,354,342,454,0,58,2
Benue,2019,21,108,108,151,0,21,0
Benue,2020,15,34,25,48,0,15,0
Benue,2021,25,211,184,216,0,23,2
Benue,2022,29,190,121,231,0,29,0
Benue,2023,45,368,358,402,0,41,4
Benue,2024,37,314,240,331,0,36,1
Benue,2025,77,404,317,449,0,76,1
Borno,2003,1,1,1,3,0,1,0
Borno,2004,5,33,33,40,5,0,0
Borno,2006,1,21,21,50,0,1,0
Borno,2009,7,294,294,657,6,0,1
Borno,2010,20,23,16,40,10,0,10
Borno,2011,89,149,141,352,45,1,43
Borno,2012,150,620,555,845,84,0,66
Borno,2013,165,2119,1961,2494,79,10,76
Borno,2014,284,6617,6522,8038,95,14,175
Borno,2015,301,6894,6785,8020,133,13,155
Borno,2016,285,2870,2866,2962,222,10,53
Borno,2017,378,2526,2524,3072,246,27,105
Borno,2018,244,1434,1277,1954,179,6,59
Borno,2019,289,1518,1348,2164,229,5,55
Borno,2020,426,2253,1961,3224,367,11,48
Borno,2021,263,2030,1874,2920,228,21,14
Borno,2022,229,1920,1540,2760,174,33,22
Borno,2023,360,2375,2060,3310,284,27,49
Borno,2024,229,1829,1296,2030,180,18,31
Borno,2025,323,2268,2008,2594,250,17,56
Cross River,2000,1,45,45,45,0,1,0
Cross River,2002,1,10,10,10,0,1,0
Cross River,2003,1,1,1,2,0,1,0
Cross River,2005,1,100,50,100,0,1,0
Cross River,2010,2,30,30,35,0,2,0
Cross River,2012,2,44,44,44,0,2,0
Cross River,2013,1,5,5,20,0,0,1
Cross River,2017,3,172,172,172,0,3,0
Cross River,2018,2,2,2,2,2,0,0
Cross River,2019,3,6,6,10,0,1,2
Cross River,2022,2,14,14,22,0,0,2
Cross River,2023,2,2,2,2,1,0,1
Cross River,2024,1,8,8,8,1,0,0
Delta,1996,1,1,1,1,0,0,1
Delta,1997,12,437,437,437,0,12,0
Delta,1998,8,105,105,127,0,7,1
Delta,1999,12,110,110,247,0,10,2
Delta,2003,22,186,186,235,0,15,7
Delta,2004,6,20,20,78,0,4,2
Delta,2005,2,2,2,2,0,0,2
Delta,2006,1,5,5,5,0,1,0
Delta,2007,1,4,4,4,0,1,0
Delta,2008,3,4,4,4,0,0,3
Delta,2009,4,17,17,20,0,1,3
Delta,2011,5,4,4,10,0,1,4
Delta,2013,1,1,1,1,0,0,1
Delta,2015,1,5,5,5,0,1,0
Delta,2016,5,41,41,41,0,3,2
Delta,2017,1,2,2,2,0,0,1
Delta,2019,5,13,10,13,0,4,1
Delta,2020,12,19,19,20,0,9,3
Delta,2021,1,0,0,4,1,0,0
Delta,2022,8,14,7,19,2,3,3
Delta,2023,8,9,8,14,3,3,2
Delta,2024,8,13,13,13,1,6,1
Delta,2025,5,7,5,7,0,5,0
Ebonyi,2003,4,25,25,36,0,4,0
Ebonyi,2004,1,18,18,18,0,1,0
Ebonyi,2006,1,2,2,2,0,1,0
Ebonyi,2008,2,20,20,20,0,2,0
Ebonyi,2009,2,14,14,14,0,2,0
Ebonyi,2010,4,22,15,32,0,4,0
Ebonyi,2011,3,54,42,64,0,3,0
Ebonyi,2018,2,4,4,5,0,1,1
Ebonyi,2019,2,3,3,3,0,2,0
Ebonyi,2020,3,5,5,5,0,3,0
Ebonyi,2021,13,92,46,140,5,6,2
Ebonyi,2022,9,31,30,32,3,5,1
Ebonyi,2023,4,5,3,6,4,0,0
Ebonyi,2024,5,26,14,26,3,2,0
Ebonyi,2025,3,4,4,4,1,2,0
Edo,2003,3,4,4,4,0,3,0
Edo,2005,5,22,22,29,0,4,1
Edo,2006,2,11,11,11,0,2,0
Edo,2008,6,36,36,38,0,6,0
Edo,2009,2,23,22,27,0,2,0
Edo,2010,5,27,27,37,0,5,0
Edo,2011,5,26,26,30,0,5,0
Edo,2012,6,25,25,25,0,6,0
Edo,2013,2,22,22,22,0,2,0
Edo,2014,4,41,41,41,0,4,0
Edo,2015,3,28,28,30,0,3,0
Edo,2016,6,18,18,21,0,6,0
Edo,2019,11,33,33,33,0,10,1
Edo,2020,15,52,52,52,0,14,1
Edo,2021,2,10,10,10,0,2,0
Edo,2022,5,12,12,13,2,3,0
Edo,2023,14,30,30,30,1,12,1
Edo,2024,6,13,13,13,0,6,0
Edo,2025,6,12,10,21,0,6,0
Ekiti,2004,1,6,6,6,0,0,1
Ekiti,2009,1,0,0,1,0,1,0
Ekiti,2011,2,2,2,2,0,2,0
Ekiti,2014,1,0,0,1,1,0,0
Ekiti,2018,2,2,2,2,0,2,0
Ekiti,2019,1,1,1,1,0,1,0
Ekiti,2021,2,8,8,8,0,2,0
Enugu,1999,1,1,1,1,0,0,1
Enugu,2003,1,5,5,5,0,1,0
Enugu,2005,1,10,10,10,0,1,0
Enugu,2006,3,9,9,9,0,3,0
Enugu,2007,1,2,2,2,0,0,1
Enugu,2008,2,2,2,2,0,0,2
Enugu,2009,1,1,1,1,0,0,1
Enugu,2016,7,20,20,56,0,7,0
Enugu,2019,3,1,1,4,0,2,1
Enugu,2021,11,20,17,46,3,4,4
Enugu,2022,17,44,37,75,5,7,5
Enugu,2023,10,19,12,26,7,0,3
Enugu,2024,16,35,21,48,9,5,2
Enugu,2025,11,15,14,29,5,5,1
Gombe,2000,1,10,10,10,0,1,0
Gombe,2007,1,1,1,1,0,1,0
Gombe,2011,2,11,12,28,1,1,0
Gombe,2012,5,26,26,36,3,0,2
Gombe,2013,5,22,22,25,3,0,2
Gombe,2014,7,90,90,120,4,0,3
Gombe,2015,13,308,308,383,4,0,9
Gombe,2016,1,32,32,32,1,0,0
Gombe,2018,1,1,1,1,0,0,1
Gombe,2020,5,7,7,14,2,2,1
Gombe,2021,7,39,38,109,3,4,0
Gombe,2022,5,76,37,69,3,1,1
Gombe,2024,3,36,35,39,1,2,0
Gombe,2025,2,3,3,3,1,1,0
Imo,2001,3,19,19,19,0,0,3
Imo,2003,1,1,1,1,0,1,0
Imo,2007,1,4,4,4,0,1,0
Imo,2008,1,1,1,1,0,0,1
Imo,2015,2,5,5,5,0,2,0
Imo,2016,3,10,10,10,0,3,0
Imo,2019,2,2,2,2,0,1,1
Imo,2020,1,1,1,1,0,1,0
Imo,2021,32,84,72,130,19,0,13
Imo,2022,29,79,31,92,21,1,7
Imo,2023,26,33,26,44,19,0,7
Imo,2024,30,68,41,81,27,1,2
Imo,2025,21,83,27,130,13,1,7
Jigawa,2011,2,8,9,25,0,2,0
Jigawa,2012,1,1,1,1,1,0,0
Jigawa,2013,1,3,3,3,1,0,0
Jigawa,2014,3,71,71,71,3,0,0
Jigawa,2019,2,2,2,2,0,2,0
Jigawa,2021,2,3,3,3,0,2,0
Jigawa,2022,3,11,4,11,0,3,0
Jigawa,2023,2,1,1,4,0,1,1
Jigawa,2024,2,5,5,9,0,2,0
Jigawa,2025,5,30,24,33,0,5,0
Kaduna,1992,6,582,547,1925,0,6,0
Kaduna,1996,1,2,2,2,0,1,0
Kaduna,1998,1,0,0,2,0,0,1
Kaduna,1999,1,100,100,100,0,1,0
Kaduna,2000,7,1850,1338,5212,0,5,2
Kaduna,2001,2,11,11,17,0,1,1
Kaduna,2002,18,221,221,221,0,1,17
Kaduna,2003,1,1,1,1,0,1,0
Kaduna,2008,1,0,0,4,0,0,1
Kaduna,2010,2,6,3,13,0,2,0
Kaduna,2011,11,692,693,711,2,8,1
Kaduna,2012,26,193,151,206,13,4,9
Kaduna,2013,10,55,55,56,0,9,1
Kaduna,2014,19,285,285,428,2,12,5
Kaduna,2015,8,65,65,66,2,4,2
Kaduna,2016,10,125,113,143,0,10,0
Kaduna,2017,10,76,76,91,0,10,0
Kaduna,2018,7,82,82,103,0,6,1
Kaduna,2019,12,169,162,299,1,10,1
Kaduna,2020,41,256,249,264,0,40,1
Kaduna,2021,9,49,44,51,0,9,0
Kaduna,2022,9,66,28,132,0,7,2
Kaduna,2023,5,74,47,74,0,5,0
Kaduna,2024,1,2,2,2,0,0,1
Kaduna,2025,5,3,2,6,1,0,4
Kano,1991,1,200,200,300,0,1,0
Kano,1998,3,17,17,22,0,1,2
Kano,1999,2,33,33,73,0,2,0
Kano,2001,2,200,200,201,0,1,1
Kano,2003,2,3,3,4,0,1,1
Kano,2004,3,225,225,275,0,2,1
Kano,2007,1,9,9,9,0,1,0
Kano,2009,2,3,3,22,2,0,0
Kano,2010,1,0,0,3,1,0,0
Kano,2011,3,14,15,32,1,1,1
Kano,2012,37,272,243,324,26,1,10
Kano,2013,17,77,77,157,13,0,4
Kano,2014,9,132,132,166,0,0,9
Kano,2015,7,58,58,82,1,2,4
Kano,2016,1,1,1,1,0,1,0
Kano,2017,1,0,0,3,0,0,1
Kano,2019,1,2,2,2,0,1,0
Kano,2020,1,2,2,2,0,0,1
Kano,2022,3,3,3,4,0,1,2
Kano,2025,1,1,0,1,0,0,1
Katsina,2011,3,15,13,32,1,1,1
Katsina,2013,1,0,0,5,1,0,0
Katsina,2014,1,2,2,2,1,0,0
Katsina,2020,3,16,16,22,1,1,1
Katsina,2024,1,8,8,8,0,0,1
Katsina,2025,4,56,56,56,0,0,4
Kebbi,2004,1,3,3,3,0,1,0
Kebbi,2023,3,4,4,4,0,2,1
Kebbi,2024,1,6,0,6,0,0,1
Kebbi,2025,8,47,41,50,4,1,3
Kogi,2012,5,36,36,36,3,0,2
Kogi,2013,3,5,5,6,0,2,1
Kogi,2014,1,0,0,3,1,0,0
Kogi,2015,3,6,6,6,2,1,0
Kogi,2016,2,3,3,3,0,2,0
Kogi,2018,5,38,12,45,0,5,0
Kogi,2019,15,45,26,62,0,14,1
Kogi,2020,7,11,11,34,0,7,0
Kogi,2022,9,33,33,38,1,6,2
Kogi,2023,6,14,14,16,0,5,1
Kogi,2024,3,39,39,39,0,3,0
Kogi,2025,1,2,2,2,0,1,0
Kwara,2002,1,2,2,2,0,1,0
Kwara,2003,4,5,5,8,0,4,0
Kwara,2013,2,4,4,4,0,2,0
Kwara,2014,2,9,9,9,0,2,0
Kwara,2015,2,18,18,18,0,2,0
Kwara,2017,2,8,8,8,0,2,0
Kwara,2018,2,5,5,5,0,2,0
Kwara,2020,1,1,1,1,0,1,0
Kwara,2021,3,9,9,9,0,3,0
Kwara,2022,7,9,3,13,0,7,0
Kwara,2023,4,9,9,9,0,4,0
Kwara,2024,3,2,2,3,0,2,1
Kwara,2025,1,1,1,1,0,1,0
Lagos,1992,1,1,1,1,0,0,1
Lagos,1993,1,2,2,2,0,0,1
Lagos,1994,3,6,6,6,0,0,3
Lagos,1996,1,1,1,1,0,0,1
Lagos,1998,2,58,58,98,0,1,1
Lagos,2000,3,4,4,5,0,1,2
Lagos,2002,2,101,51,101,0,1,1
Lagos,2003,7,26,26,33,0,2,5
Lagos,2005,1,1,1,1,0,0,1
Lagos,2007,1,3,3,3,0,1,0
Lagos,2008,1,1,1,1,0,0,1
Lagos,2009,2,5,5,5,0,2,0
Lagos,2010,1,1,1,6,0,1,0
Lagos,2011,5,8,8,8,0,4,1
Lagos,2012,4,19,19,19,0,4,0
Lagos,2013,11,19,19,19,0,11,0
Lagos,2014,9,12,12,17,0,8,1
Lagos,2015,6,10,10,10,0,6,0
Lagos,2016,10,35,35,36,0,10,0
Lagos,2017,3,9,9,9,0,3,0
Lagos,2018,5,7,7,7,0,3,2
Lagos,2019,32,63,63,69,0,25,7
Lagos,2020,8,26,26,50,0,6,2
Lagos,2021,9,15,12,15,0,7,2
Lagos,2022,12,14,14,15,0,10,2
Lagos,2023,10,17,17,17,0,4,6
Lagos,2024,5,7,7,7,0,5,0
Lagos,2025,27,44,41,44,0,26,1
Nasarawa,1997,1,10,10,24,0,1,0
Nasarawa,2001,1,200,200,200,0,1,0
Nasarawa,2003,1,4,4,4,0,1,0
Nasarawa,2009,2,33,33,71,0,2,0
Nasarawa,2011,8,11,11,95,0,6,2
Nasarawa,2012,5,75,75,75,0,5,0
Nasarawa,2013,16,142,142,170,0,16,0
Nasarawa,2014,28,260,260,420,0,28,0
Nasarawa,2015,2,3,3,3,0,2,0
Nasarawa,2016,6,53,53,104,0,6,0
Nasarawa,2018,34,179,166,253,0,34,0
Nasarawa,2019,2,5,5,5,0,2,0
Nasarawa,2020,6,9,9,15,0,6,0
Nasarawa,2021,12,85,42,90,0,12,0
Nasarawa,2022,7,23,23,23,0,7,0
Nasarawa,2023,6,58,58,58,0,6,0
Nasarawa,2024,4,13,13,13,0,3,1
Nasarawa,2025,13,152,84,176,0,13,0
Niger,2006,1,9,9,9,0,1,0
Niger,2009,1,1,1,1,0,0,1
Niger,2011,4,8,7,46,0,1,3
Niger,2012,2,4,4,4,2,0,0
Niger,2014,1,1,1,1,0,0,1
Niger,2016,2,4,4,4,0,2,0
Niger,2017,1,4,4,4,0,1,0
Niger,2019,1,1,1,1,0,0,1
Niger,2021,1,2,0,2,0,0,1
Niger,2022,4,26,26,58,4,0,0
Niger,2023,2,4,4,4,0,0,2
Niger,2024,8,73,52,76,6,0,2
Niger,2025,3,15,13,15,1,1,1
Nigeria,1990,2,89,89,89,0,1,1
Nigeria,1991,4,380,330,1600,0,4,0
Nigeria,1992,12,943,712,3316,0,11,1
Nigeria,1993,8,1185,1185,1190,0,6,2
Nigeria,1994,16,90,80,146,0,2,14
Nigeria,1995,1,1,1,1,0,0,1
Nigeria,1996,5,87,47,87,0,2,3
Nigeria,1997,20,595,595,611,0,18,2
Nigeria,1998,31,357,357,438,0,18,13
Nigeria,1999,39,3519,3196,3786,0,23,16
Nigeria,2000,30,2104,1592,5877,0,21,9
Nigeria,2001,41,2437,2433,4673,0,16,25
Nigeria,2002,45,629,544,927,0,21,24
Nigeria,2003,63,449,449,541,1,46,16
Nigeria,2004,87,2136,1756,2487,13,68,6
Nigeria,2005,22,233,183,256,0,14,8
Nigeria,2006,23,231,226,368,0,22,1
Nigeria,2007,22,157,157,159,0,18,4
Nigeria,2008,31,432,432,440,0,18,13
Nigeria,2009,41,533,529,1018,16,17,8
Nigeria,2010,92,980,902,1651,16,63,13
Nigeria,2011,254,1831,1742,2770,73,106,75
Nigeria,2012,409,2022,1843,2459,183,95,131
Nigeria,2013,335,3397,3216,4178,121,114,100
Nigeria,2014,554,10346,10175,12679,149,140,265
Nigeria,2015,507,9122,8942,11023,174,97,236
Nigeria,2016,436,3951,3935,4452,237,130,69
Nigeria,2017,509,3594,3561,4497,261,128,120
Nigeria,2018,536,3244,2920,4191,198,252,86
Nigeria,2019,537,2481,2223,3599,250,200,87
Nigeria,2020,643,3120,2708,4399,391,173,79
Nigeria,2021,532,3234,2798,4853,310,162,60
Nigeria,2022,485,2970,2310,4185,240,178,67
Nigeria,2023,652,4150,3534,5345,351,197,104
Nigeria,2024,502,3201,2454,3576,284,157,61
Nigeria,2025,733,4160,3550,4776,325,276,132
Ogun,1999,1,60,60,60,0,1,0
Ogun,2004,1,2,2,2,0,1,0
Ogun,2010,4,8,8,8,0,4,0
Ogun,2011,1,1,1,1,0,1,0
Ogun,2012,1,3,3,3,0,1,0
Ogun,2014,5,12,12,12,0,5,0
Ogun,2015,5,16,16,16,0,5,0
Ogun,2016,6,16,16,16,0,6,0
Ogun,2017,3,4,4,4,0,3,0
Ogun,2018,2,5,5,5,0,2,0
Ogun,2019,11,28,28,42,0,9,2
Ogun,2020,1,1,1,1,0,1,0
Ogun,2021,6,14,14,14,0,6,0
Ogun,2022,9,26,26,32,0,9,0
Ogun,2023,12,39,27,39,0,11,1
Ogun,2024,10,14,14,14,0,10,0
Ogun,2025,8,12,12,14,0,8,0
Ondo,1998,3,51,51,51,0,2,1
Ondo,1999,2,70,70,70,0,2,0
Ondo,2004,1,2,2,2,0,1,0
Ondo,2011,1,1,1,1,0,0,1
Ondo,2015,1,1,1,1,0,1,0
Ondo,2017,3,13,6,13,0,3,0
Ondo,2018,2,1,1,3,0,2,0
Ondo,2019,5,9,9,9,0,4,1
Ondo,2020,2,6,3,6,0,1,1
Ondo,2021,3,12,7,12,0,3,0
Ondo,2022,5,50,10,50,0,4,1
Ondo,2023,4,13,12,13,0,3,1
Ondo,2024,1,1,0,1,0,0,1
Ondo,2025,5,31,31,42,0,5,0
Osun,1997,5,144,144,144,0,5,0
Osun,1998,4,34,34,40,0,4,0
Osun,2000,8,61,61,69,0,8,0
Osun,2001,1,1,1,1,0,1,0
Osun,2004,1,0,0,1,0,0,1
Osun,2014,1,2,2,2,0,1,0
Osun,2015,1,1,1,1,0,1,0
Osun,2017,1,46,46,46,0,1,0
Osun,2018,1,1,1,1,0,0,1
Osun,2019,2,5,3,5,0,2,0
Osun,2020,2,1,1,2,0,1,1
Osun,2021,7,8,8,9,0,5,2
Osun,2022,5,14,13,18,0,4,1
Osun,2023,5,7,7,8,0,4,1
Osun,2024,2,6,6,6,0,2,0
Osun,2025,8,11,4,15,0,6,2
Oyo,1998,4,39,39,41,0,2,2
Oyo,2000,1,3,3,3,0,1,0
Oyo,2002,1,3,3,3,0,1,0
Oyo,2004,2,7,7,7,0,2,0
Oyo,2007,1,5,5,5,0,1,0
Oyo,2011,4,31,31,35,0,4,0
Oyo,2016,1,3,3,3,0,1,0
Oyo,2017,1,1,1,1,0,1,0
Oyo,2018,3,15,15,15,0,3,0
Oyo,2019,4,3,3,5,0,3,1
Oyo,2020,8,4,4,12,0,6,2
Oyo,2021,9,29,23,95,0,6,3
Oyo,2022,2,0,0,2,0,2,0
Oyo,2023,3,5,4,5,0,2,1
Oyo,2024,3,4,4,4,0,3,0
Oyo,2025,5,7,7,7,0,5,0
Plateau,1994,1,4,4,4,0,1,0
Plateau,2001,6,1071,1067,3071,0,6,0
Plateau,2002,11,130,115,408,0,11,0
Plateau,2004,30,1008,628,1143,0,30,0
Plateau,2006,1,25,20,100,0,1,0
Plateau,2008,3,333,333,333,0,1,2
Plateau,2010,40,847,786,1440,0,39,1
Plateau,2011,32,192,192,314,1,27,4
Plateau,2012,41,126,126,134,1,36,4
Plateau,2013,24,195,195,216,0,23,1
Plateau,2014,23,210,192,352,1,19,3
Plateau,2015,23,223,223,247,1,16,6
Plateau,2016,1,4,4,4,0,1,0
Plateau,2017,17,79,76,93,0,17,0
Plateau,2018,65,436,415,495,0,64,1
Plateau,2019,16,33,30,40,0,16,0
Plateau,2020,15,46,46,64,0,13,2
Plateau,2021,25,108,93,136,0,25,0
Plateau,2022,16,69,60,79,0,15,1
Plateau,2023,44,515,506,691,0,42,2
Plateau,2024,25,140,136,140,0,25,0
Plateau,2025,63,345,337,355,0,62,1
Rivers,1990,1,80,80,80,0,0,1
Rivers,1992,1,60,60,60,0,1,0
Rivers,1993,6,1176,1176,1181,0,5,1
Rivers,1994,11,80,70,130,0,1,10
Rivers,1996,1,3,3,3,0,0,1
Rivers,1997,1,1,1,1,0,0,1
Rivers,1998,2,2,2,2,0,0,2
Rivers,1999,2,25,25,34,0,1,1
Rivers,2000,1,1,1,1,0,1,0
Rivers,2001,1,1,1,1,0,1,0
Rivers,2002,2,8,8,8,0,2,0
Rivers,2003,3,6,6,6,0,3,0
Rivers,2004,15,126,126,197,5,10,0
Rivers,2005,6,74,74,74,0,6,0
Rivers,2006,7,44,44,66,0,6,1
Rivers,2007,12,121,121,121,0,10,2
Rivers,2008,3,14,14,14,0,1,2
Rivers,2009,6,14,14,20,1,3,2
Rivers,2010,2,2,2,2,0,1,1
Rivers,2011,4,8,8,11,0,3,1
Rivers,2012,8,49,49,56,0,6,2
Rivers,2013,4,19,19,25,0,4,0
Rivers,2014,6,24,24,24,0,6,0
Rivers,2015,11,51,51,51,0,10,1
Rivers,2016,16,64,64,72,0,16,0
Rivers,2017,8,39,39,44,0,8,0
Rivers,2018,2,2,2,2,0,0,2
Rivers,2019,14,49,31,93,0,12,2
Rivers,2020,7,13,13,67,0,2,5
Rivers,2021,4,17,1,22,3,0,1
Rivers,2022,3,7,7,7,0,2,1
Rivers,2023,6,14,14,15,0,5,1
Rivers,2024,1,7,7,7,0,1,0
Rivers,2025,5,21,21,31,0,4,1
Sokoto,2003,2,2,2,2,0,2,0
Sokoto,2011,3,8,8,31,2,1,0
Sokoto,2012,2,11,11,11,2,0,0
Sokoto,2013,2,4,4,4,2,0,0
Sokoto,2018,1,1,1,1,0,1,0
Sokoto,2019,1,0,0,1,1,0,0
Sokoto,2021,6,37,37,104,1,0,5
Sokoto,2023,1,16,16,16,0,1,0
Sokoto,2024,1,4,4,4,0,1,0
Sokoto,2025,25,219,154,240,5,0,20
Taraba,1990,1,9,9,9,0,1,0
Taraba,1991,1,30,30,1050,0,1,0
Taraba,1992,3,300,104,1250,0,3,0
Taraba,1993,1,7,7,7,0,1,0
Taraba,1996,1,80,40,80,0,1,0
Taraba,1999,2,100,100,100,0,2,0
Taraba,2001,12,191,191,400,0,2,10
Taraba,2002,1,50,30,50,0,1,0
Taraba,2004,5,57,57,67,0,5,0
Taraba,2010,1,0,0,8,0,1,0
Taraba,2011,1,4,4,5,0,1,0
Taraba,2012,16,39,38,59,2,13,1
Taraba,2013,5,80,80,83,1,4,0
Taraba,2014,20,256,241,322,0,20,0
Taraba,2015,12,122,122,141,0,12,0
Taraba,2016,9,55,55,55,0,9,0
Taraba,2017,7,152,152,362,0,7,0
Taraba,2018,40,219,155,272,0,40,0
Taraba,2019,38,163,133,264,0,38,0
Taraba,2020,19,70,70,128,0,19,0
Taraba,2021,15,79,79,90,0,14,1
Taraba,2022,6,47,47,50,0,5,1
Taraba,2023,15,159,145,170,0,13,2
Taraba,2024,6,38,31,46,0,6,0
Taraba,2025,8,80,80,83,0,8,0
Unassigned / offshore,1994,1,0,0,6,0,0,1
Unassigned / offshore,1999,2,100,100,105,0,2,0
Unassigned / offshore,2003,2,8,8,8,0,0,2
Unassigned / offshore,2014,3,57,57,84,1,0,2
Unassigned / offshore,2015,2,54,54,54,2,0,0
Unassigned / offshore,2016,5,35,35,35,4,0,1
Unassigned / offshore,2018,6,20,20,35,5,1,0
Unassigned / offshore,2019,2,26,26,26,1,1,0
Unassigned / offshore,2020,1,1,1,1,1,0,0
Unassigned / offshore,2021,1,1,0,200,0,1,0
Unassigned / offshore,2022,1,0,0,40,1,0,0
Unassigned / offshore,2023,1,1,1,1,1,0,0
Unassigned / offshore,2024,1,3,0,3,1,0,0
Unassigned / offshore,2025,1,0,0,1,0,0,1
Yobe,2003,1,1,1,1,1,0,0
Yobe,2004,2,21,21,21,2,0,0
Yobe,2009,4,56,56,75,4,0,0
Yobe,2010,3,1,1,3,3,0,0
Yobe,2011,9,154,112,279,8,1,0
Yobe,2012,51,276,243,325,34,0,17
Yobe,2013,21,290,267,452,13,0,8
Yobe,2014,20,451,421,464,9,0,11
Yobe,2015,43,502,499,709,16,2,25
Yobe,2016,10,69,69,80,7,0,3
Yobe,2017,9,68,68,72,6,1,2
Yobe,2018,7,112,111,129,7,0,0
Yobe,2019,15,97,96,148,14,1,0
Yobe,2020,17,154,58,204,14,3,0
Yobe,2021,29,151,106,222,26,2,1
Yobe,2022,11,31,30,34,6,1,4
Yobe,2023,19,170,69,174,11,0,8
Yobe,2024,32,227,199,307,23,0,9
Yobe,2025,36,91,89,117,30,1,5
Zamfara,2001,1,2,2,2,0,1,0
Zamfara,2010,1,3,3,8,0,1,0
Zamfara,2011,1,7,7,24,0,1,0
Zamfara,2018,3,35,35,35,0,0,3
Zamfara,2019,1,7,7,7,0,0,1
Zamfara,2020,1,2,2,2,0,0,1
Zamfara,2021,3,21,21,25,0,0,3
Zamfara,2022,3,12,12,12,0,1,2
Zamfara,2024,3,120,120,120,0,3,0
Zamfara,2025,10,56,49,76,0,1,9
